[
  {
    "rank": 1,
    "title": "うるわしの宵の月",
    "author": "やまもり三香",
    "genre": "少女マンガ",
    "rating": 4.7,
    "rating_count": 1856,
    "thumbnail": "https://cmoa.akamaized.net/data/image/title/title_0000213085/VOLUME/100002130850009.jpg",
    "url": "https://www.cmoa.jp/title/213085/"
  },
  {
    "rank": 2,
    "title": "花野井くんと恋の病",
    "author": "森野萌",
    "genre": "少女マンガ",
    "rating": 4.6,
    "rating_count": 2225,
    "thumbnail": "https://cmoa.akamaized.net/data/image/title/title_0000149103/VOLUME/100001491030017.jpg",
    "url": "https://www.cmoa.jp/title/149103/"
  },
  {
    "rank": 3,
    "title": "なのに、千輝くんが甘すぎる。",
    "author": "亜南くじら",
    "genre": "少女マンガ",
    "rating": 4.6,
    "rating_count": 1519,
    "thumbnail": "https://cmoa.akamaized.net/data/image/title/title_0000141629/VOLUME/100001416290012.jpg",
    "url": "https://www.cmoa.jp/title/141629/"
  },
  {
    "rank": 4,
    "title": "二十と成獣",
    "author": "空神セイ",
    "genre": "少女マンガ",
    "rating": 4.2,
    "rating_count": 287,
    "thumbnail": "https://cmoa.akamaized.net/data/image/title/title_0000263971/VOLUME/100002639710006.jpg",
    "url": "https://www.cmoa.jp/title/263971/"
  },
  {
    "rank": 5,
    "title": "花とくちづけ",
    "author": "七都サマコ",
    "genre": "少女マンガ",
    "rating": 4.2,
    "rating_count": 333,
    "thumbnail": "https://cmoa.akamaized.net/data/image/title/title_0000210961/VOLUME/100002109610010.jpg",
    "url": "https://www.cmoa.jp/title/210961/"
  },
  {
    "rank": 6,
    "title": "魔導具師ダリヤはうつむかない～Dahliya Wilts No More～",
    "author": "住川惠",
    "genre": "少年マンガ",
    "rating": 4.5,
    "rating_count": 401,
    "thumbnail": "https://cmoa.akamaized.net/data/image/title/title_0000182040/VOLUME/100001820400008.jpg",
    "url": "https://www.cmoa.jp/title/182040/"
  },
  {
    "rank": 7,
    "title": "七つ屋志のぶの宝石匣",
    "author": "二ノ宮知子",
    "genre": "女性マンガ",
    "rating": 4.5,
    "rating_count": 745,
    "thumbnail": "https://cmoa.akamaized.net/data/image/title/title_0000087841/VOLUME/100000878410024.jpg",
    "url": "https://www.cmoa.jp/title/87841/"
  },
  {
    "rank": 8,
    "title": "薔薇のために",
    "author": "吉村明美",
    "genre": "女性マンガ",
    "rating": 4.7,
    "rating_count": 104,
    "thumbnail": "https://cmoa.akamaized.net/data/image/title/title_0000029924/VOLUME/100000299240016.jpg",
    "url": "https://www.cmoa.jp/title/29924/"
  },
  {
    "rank": 9,
    "title": "ベル・プペーのスパダリ婚約～「好みじゃない」と言われた人形姫、我慢をやめたら皇子がデレデレになった。実に愛い！～（コミック）【分冊版】",
    "author": "朝霧あさき",
    "genre": "女性マンガ",
    "rating": 4.8,
    "rating_count": 2790,
    "thumbnail": "https://cmoa.akamaized.net/data/image/title/title_0000308507/VOLUME/100003085070010.jpg",
    "url": "https://www.cmoa.jp/title/308507/"
  },
  {
    "rank": 10,
    "title": "noicomi鬼の花嫁",
    "author": "富樫じゅん",
    "genre": "少女マンガ",
    "rating": 4.5,
    "rating_count": 6209,
    "thumbnail": "https://cmoa.akamaized.net/data/image/title/title_0000239726/VOLUME/100002397260040.jpg",
    "url": "https://www.cmoa.jp/title/239726/"
  },
  {
    "rank": 11,
    "title": "その門番、最強につき～追放された防御力9999の戦士、王都の門番として無双する～（コミック）",
    "author": "あまなちた",
    "genre": "青年マンガ",
    "rating": 4.0,
    "rating_count": 83,
    "thumbnail": "https://cmoa.akamaized.net/data/image/title/title_0000220308/VOLUME/100002203080008.jpg",
    "url": "https://www.cmoa.jp/title/220308/"
  },
  {
    "rank": 12,
    "title": "カラダからはじめる溺愛結婚 婚約破棄されたら極上スパダリに捕まりました",
    "author": "秋月綾",
    "genre": "女性マンガ",
    "rating": 4.5,
    "rating_count": 22,
    "thumbnail": "https://cmoa.akamaized.net/data/image/title/title_0000289138/VOLUME/100002891380003.jpg",
    "url": "https://www.cmoa.jp/title/289138/"
  },
  {
    "rank": 13,
    "title": "転生賢者の異世界ライフ～第二の職業を得て、世界最強になりました～",
    "author": "進行諸島（GAノベル／SBクリエイティブ刊）",
    "genre": "少年マンガ",
    "rating": 4.5,
    "rating_count": 759,
    "thumbnail": "https://cmoa.akamaized.net/data/image/title/title_0000156031/VOLUME/100001560310028.jpg",
    "url": "https://www.cmoa.jp/title/156031/"
  },
  {
    "rank": 14,
    "title": "魔王城の料理番 ～コワモテ魔族ばかりだけど、ホワイトな職場です～",
    "author": "ワイエム系",
    "genre": "女性マンガ",
    "rating": 4.7,
    "rating_count": 277,
    "thumbnail": "https://cmoa.akamaized.net/data/image/title/title_0000271440/VOLUME/100002714400004.jpg",
    "url": "https://www.cmoa.jp/title/271440/"
  },
  {
    "rank": 15,
    "title": "やんごとなき一族",
    "author": "こやまゆかり",
    "genre": "女性マンガ",
    "rating": 3.7,
    "rating_count": 307,
    "thumbnail": "https://cmoa.akamaized.net/data/image/title/title_0000141894/VOLUME/100001418940018.jpg",
    "url": "https://www.cmoa.jp/title/141894/"
  },
  {
    "rank": 16,
    "title": "空っぽ聖女として捨てられたはずが、嫁ぎ先の皇帝陛下に溺愛されています",
    "author": "小山るんち",
    "genre": "少女マンガ",
    "rating": 4.4,
    "rating_count": 174,
    "thumbnail": "https://cmoa.akamaized.net/data/image/title/title_0000272623/VOLUME/100002726230004.jpg",
    "url": "https://www.cmoa.jp/title/272623/"
  },
  {
    "rank": 17,
    "title": "桜色キスホリック",
    "author": "キリシマソウ",
    "genre": "少女マンガ",
    "rating": 4.3,
    "rating_count": 211,
    "thumbnail": "https://cmoa.akamaized.net/data/image/title/title_0000154750/VOLUME/100001547500006.jpg",
    "url": "https://www.cmoa.jp/title/154750/"
  },
  {
    "rank": 18,
    "title": "転生貴族、鑑定スキルで成り上がる ～弱小領地を受け継いだので、優秀な人材を増やしていたら、最強領地になってた～",
    "author": "井上菜摘",
    "genre": "少年マンガ",
    "rating": 4.5,
    "rating_count": 392,
    "thumbnail": "https://cmoa.akamaized.net/data/image/title/title_0000210254/VOLUME/100002102540018.jpg",
    "url": "https://www.cmoa.jp/title/210254/"
  },
  {
    "rank": 19,
    "title": "社長令嬢復讐日記",
    "author": "wato",
    "genre": "青年マンガ",
    "rating": 3.8,
    "rating_count": 81,
    "thumbnail": "https://cmoa.akamaized.net/data/image/title/title_0000304141/VOLUME/100003041410014.jpg",
    "url": "https://www.cmoa.jp/title/304141/"
  },
  {
    "rank": 20,
    "title": "「君を愛することはない」と言った氷の魔術師様の片思い相手が、変装した私だった（コミック）",
    "author": "葉月秋水",
    "genre": "少女マンガ",
    "rating": 4.3,
    "rating_count": 6,
    "thumbnail": "https://cmoa.akamaized.net/data/image/title/title_0000309248/VOLUME/100003092480002.jpg",
    "url": "https://www.cmoa.jp/title/309248/"
  }
]