[
  {
    "rank": 1,
    "title": "主人恋日記",
    "author": "吉永ゆう",
    "genre": "少女漫画, 恋愛, 青春",
    "episode_count": 2,
    "rating": 4.6,
    "rating_count": 2801,
    "thumbnail": "https://c.mechacomic.jp/images/book/103/151/151016/syuzinkounikki_xl.jpg?90e292ee46c9bc6915377e3c9aabc077d6f99f72e8e0717e1cb5ecf630f4f4f8",
    "url": "https://mechacomic.jp/books/151016"
  },
  {
    "rank": 2,
    "title": "逆転エンゲージメント～悪名高い御曹司が私にだけ甘すぎる～",
    "author": "秕ユウジ",
    "genre": "女性漫画, 恋愛, めちゃコミックオリジナル",
    "episode_count": 9,
    "rating": 4.3,
    "rating_count": 2011,
    "thumbnail": "https://c.mechacomic.jp/images/book/50/190/190895/engage_xl.jpg?349c02e5d953d0923e2fd2f201e080067f7ee85b8d69ff2f33f5edd57a350e49",
    "url": "https://mechacomic.jp/books/190895"
  },
  {
    "rank": 3,
    "title": "無自覚男子の蓼丸くんは油断ならない",
    "author": "浅井おくた",
    "genre": "女性漫画, 恋愛, めちゃコミックオリジナル",
    "episode_count": 10,
    "rating": 4.3,
    "rating_count": 637,
    "thumbnail": "https://c.mechacomic.jp/images/book/31/178/178627/mujikaku_m31765_xl.jpg?348af2ed1824bc87fa1f3532ee94ea5457e954e416003325099b0c5740f77165",
    "url": "https://mechacomic.jp/books/178627"
  },
  {
    "rank": 4,
    "title": "波うららかに、めおと日和",
    "author": "西香はち",
    "genre": "青年漫画, 恋愛, 花嫁",
    "episode_count": 24,
    "rating": 4.3,
    "rating_count": 1213,
    "thumbnail": "https://c.mechacomic.jp/images/book/113/170/170525/namiurarakanimeotobiyori_001_m105836_xl.jpg?eb37e7aaacbb6412d5cfabedae4dd29fcfab573bb274b400850f972984fb0e11",
    "url": "https://mechacomic.jp/books/170525"
  },
  {
    "rank": 5,
    "title": "万能女中コニー・ヴィレ",
    "author": "黒コマリ/百七花亭/krage",
    "genre": "女性漫画, ファンタジー, コミカライズ",
    "episode_count": 5,
    "rating": 4.2,
    "rating_count": 620,
    "thumbnail": "https://c.mechacomic.jp/images/book/102/148/148233/FKCT0230_bannoujyocyu20_m45361_xl.jpg?f4b1b322aa4bf7bb85ff066da5aa191948caf24fa46b42174c905c8f2a0cc9bd",
    "url": "https://mechacomic.jp/books/148233"
  },
  {
    "rank": 6,
    "title": "転生賢者の異世界ライフ～第二の職業を得て、世界最強になりました～",
    "author": "進行諸島(GAノベル/SBクリエイティブ刊)/彭傑(Friendly Land)/風花風花/彭傑(FriendlyLand)",
    "genre": "少年漫画, ファンタジー, バトル",
    "episode_count": 1,
    "rating": 4.3,
    "rating_count": 2180,
    "thumbnail": "https://c.mechacomic.jp/images/book/126/125/125543/tenseikenzyanoisekai_001_xl.jpg?98ca038f528e4c6f15d1e7d78a31b493705acb5acbb7fc53fb7d2451ac59680b",
    "url": "https://mechacomic.jp/books/125543"
  },
  {
    "rank": 7,
    "title": "サトリ令嬢の見透かせない感情",
    "author": "一原ロコ/朱里雀/八美☆わん",
    "genre": "女性漫画, ファンタジー, コミカライズ",
    "episode_count": 3,
    "rating": 4.2,
    "rating_count": 112,
    "thumbnail": "https://c.mechacomic.jp/images/book/102/201/201833/FKCT0193_satorireizyou1_xl.jpg?12f99037f3857e006bf90778a8283ace25d8362c449fe2c9c95c0c5a39324eef",
    "url": "https://mechacomic.jp/books/201833"
  },
  {
    "rank": 8,
    "title": "「くじ」から始まる婚約生活～厳正なる抽選の結果、笑わない次期公爵様の婚約者に当選しました～",
    "author": "秋風きのこ/グルナ編集部",
    "genre": "女性漫画, ファンタジー, 異世界ファンタジー",
    "episode_count": 36,
    "rating": 4.4,
    "rating_count": 809,
    "thumbnail": "https://c.mechacomic.jp/images/book/271/202/202502/kuzikarahazimarukonyaku_001_xl.jpg?ebd4e7b16527d5b8f48fa9a2fcbbb5683c72d14f58c6de13ba61082f30d7d111",
    "url": "https://mechacomic.jp/books/202502"
  },
  {
    "rank": 9,
    "title": "マリッジシンデレラ 拾われた花嫁は一途な副社長に溺愛される",
    "author": "須賀千夏/おいば花歩",
    "genre": "女性漫画, 恋愛, 独占先行（一般）",
    "episode_count": 10,
    "rating": 4.1,
    "rating_count": 1517,
    "thumbnail": "https://c.mechacomic.jp/images/book/146/192/192051/z_R0235_000_01_xl.jpg?4fb04a4cbd017ae99d9a55f408467c9c677a34650f663bc2ffcd3fb5ba8477ef",
    "url": "https://mechacomic.jp/books/192051"
  },
  {
    "rank": 10,
    "title": "極道上司に愛されたら～冷徹カレとの甘すぎる同居～",
    "author": "真霜ナオ/peep/@R/taskeySTUDIO",
    "genre": "女性漫画, 恋愛, ダーク",
    "episode_count": 13,
    "rating": 3.9,
    "rating_count": 1407,
    "thumbnail": "https://c.mechacomic.jp/images/book/239/196/196546/gokudou_thumbnail_xl.jpg?890caa417edf7576fb081e21a41a26d2ab05ca885e466db87287c044e1d0b5e9",
    "url": "https://mechacomic.jp/books/196546"
  },
  {
    "rank": 11,
    "title": "今夜、うちにおいで～冷徹上司の理性が溶けたら",
    "author": "椿野イメリ",
    "genre": "女性漫画, 恋愛, 働く女子",
    "episode_count": 18,
    "rating": 4.4,
    "rating_count": 10424,
    "thumbnail": "https://c.mechacomic.jp/images/book/193/165/165160/mecha2410_konya02_m37826_xl.jpg?9bbbc39ef4c524df69796a3cee4b50f2cb71ac86f9cae786bb1fdb1b2e049e1f",
    "url": "https://mechacomic.jp/books/165160"
  },
  {
    "rank": 12,
    "title": "星降る王国のニナ",
    "author": "リカチ",
    "genre": "女性漫画, ファンタジー, 異世界ファンタジー",
    "episode_count": 24,
    "rating": 4.4,
    "rating_count": 1066,
    "thumbnail": "https://c.mechacomic.jp/images/book/113/132/132172/hoshifuruoukokunonina_001_xl.jpg?1874db987106e7ad52900b3b5d0d0ac2a4437ae299e6ef4931e2a516488ee7b7",
    "url": "https://mechacomic.jp/books/132172"
  },
  {
    "rank": 13,
    "title": "オークの樹の下",
    "author": "Seomal/namu/P/KimSuji",
    "genre": "女性漫画, フルカラー, ファンタジー, ロマンスファンタジー",
    "episode_count": 11,
    "rating": 4.5,
    "rating_count": 8962,
    "thumbnail": "https://c.mechacomic.jp/images/book/247/181/181722/ookunoki_m32479_xl.jpg?ba891f002255944afa5d236491bc79a3b854bcce95794652741d8b0e3fd61d40",
    "url": "https://mechacomic.jp/books/181722"
  },
  {
    "rank": 14,
    "title": "二十と成獣",
    "author": "空神セイ",
    "genre": "少女漫画, 恋愛, 働く女子",
    "episode_count": 2,
    "rating": 4.0,
    "rating_count": 483,
    "thumbnail": "https://c.mechacomic.jp/images/book/113/170/170715/nijyuutoseijyuu_001_m105836_xl.jpg?c10a36a1b3f162a1aa0d942a72ceb9849b931c976f9d1b290b70a97536445dd4",
    "url": "https://mechacomic.jp/books/170715"
  },
  {
    "rank": 15,
    "title": "上流社会",
    "author": "RIDI/Gyeonu",
    "genre": "女性漫画, ファンタジー, ロマンスファンタジー",
    "episode_count": 9,
    "rating": 4.0,
    "rating_count": 782,
    "thumbnail": "https://c.mechacomic.jp/images/book/247/200/200676/highso_m44448_xl.jpg?a4bb9a1d48cf43bd8d7fa64f306bd756e73b996a244d3ddeb3f42d2cffa259b4",
    "url": "https://mechacomic.jp/books/200676"
  },
  {
    "rank": 16,
    "title": "黒崎くんは独占したがる ～はじめての恋は甘すぎて～",
    "author": "桜田霊子/香乃子",
    "genre": "少女漫画, 恋愛, 青春",
    "episode_count": 5,
    "rating": 4.4,
    "rating_count": 1439,
    "thumbnail": "https://c.mechacomic.jp/images/book/151/173/173206/kurosakikun01_xl.jpg?73c3e781a17604689746f122c5841715622e82b3989d63234c092bb6ba645453",
    "url": "https://mechacomic.jp/books/173206"
  },
  {
    "rank": 17,
    "title": "隣の元カレくん",
    "author": "ago",
    "genre": "少女漫画, 恋愛, 純愛",
    "episode_count": 8,
    "rating": 4.5,
    "rating_count": 1237,
    "thumbnail": "https://c.mechacomic.jp/images/book/90/194/194994/tonarinomotokare_001_xl.jpg?48e43c64ecca44e564234a2f52ce3097d243e7ca9f26037d844981ce80640002",
    "url": "https://mechacomic.jp/books/194994"
  },
  {
    "rank": 18,
    "title": "傍観者の恋",
    "author": "吉田了/ナツ/あき",
    "genre": "女性漫画, 恋愛, コミカライズ",
    "episode_count": 4,
    "rating": 3.9,
    "rating_count": 376,
    "thumbnail": "https://c.mechacomic.jp/images/book/102/175/175023/FKCT0190_boukanshanokoi11_m36599_xl.jpg?3a7ebea4e5aee2819ce350582f9ad7a8a3c5e8d159d0f27e30e72ff12f165dfd",
    "url": "https://mechacomic.jp/books/175023"
  },
  {
    "rank": 19,
    "title": "かくかくしかじか",
    "author": "東村アキコ",
    "genre": "女性漫画, 完結, ノンフィクション, エッセイ",
    "episode_count": 19,
    "rating": 4.5,
    "rating_count": 893,
    "thumbnail": "https://c.mechacomic.jp/images/book/90/90/90957/kakukakusikazika_xl.jpg?c66871db2234020c582233be355cff6c41f8d7fcd9f389dbf2b91020db992ec8",
    "url": "https://mechacomic.jp/books/90957"
  },
  {
    "rank": 20,
    "title": "くれなゐの花嫁～大正北國恋物語～",
    "author": "でじおとでじこレッド/倖/山元あやま/みちふむ",
    "genre": "女性漫画, 恋愛, めちゃコミックオリジナル",
    "episode_count": 3,
    "rating": 4.0,
    "rating_count": 106,
    "thumbnail": "https://c.mechacomic.jp/images/book/200/207/207763/kurenai_thumbnail_xl.jpg?cdf58c6c855671403f755cf5a41aa9213d4b324f5b39c86b6e869675d690b967",
    "url": "https://mechacomic.jp/books/207763"
  }
]