[
  {
    "rank": 1,
    "title": "うるわしの宵の月",
    "author": "やまもり三香",
    "genre": "少女漫画",
    "rating": 5.0,
    "rating_count": 757,
    "episode_count": 2,
    "thumbnail": "https://img.papy.co.jp/lc/sc/item/cover/9-2811263-c400.jpg",
    "url": "https://renta.papy.co.jp/renta/sc/frm/item/237333"
  },
  {
    "rank": 2,
    "title": "花野井くんと恋の病",
    "author": "森野萌",
    "genre": "少女漫画",
    "rating": 5.0,
    "rating_count": 2048,
    "episode_count": 3,
    "thumbnail": "https://img.papy.co.jp/lc/sc/item/cover/9-2811260-c400.jpg",
    "url": "https://renta.papy.co.jp/renta/sc/frm/item/151772"
  },
  {
    "rank": 3,
    "title": "七つ屋志のぶの宝石匣",
    "author": "二ノ宮知子",
    "genre": "女性漫画",
    "rating": 5.0,
    "rating_count": 935,
    "episode_count": 2,
    "thumbnail": "https://img.papy.co.jp/lc/sc/item/cover/9-2811254-c400.jpg",
    "url": "https://renta.papy.co.jp/renta/sc/frm/item/72262"
  },
  {
    "rank": 4,
    "title": "なのに、千輝くんが甘すぎる。",
    "author": "亜南くじら",
    "genre": "少女漫画",
    "rating": 5.0,
    "rating_count": 985,
    "episode_count": 2,
    "thumbnail": "https://img.papy.co.jp/lc/sc/item/cover/9-2811258-c400.jpg",
    "url": "https://renta.papy.co.jp/renta/sc/frm/item/143462"
  },
  {
    "rank": 5,
    "title": "その門番、最強につき〜追放された防御力9999の戦士、王都の門番として無双する〜（コミック）",
    "author": "あまなちた",
    "genre": "青年漫画",
    "rating": 4.0,
    "rating_count": 189,
    "episode_count": 2,
    "thumbnail": "https://img.papy.co.jp/lc/sc/item/cover/9-2814670-c400.jpg?05080954",
    "url": "https://renta.papy.co.jp/renta/sc/frm/item/253992"
  },
  {
    "rank": 6,
    "title": "転生賢者の異世界ライフ〜第二の職業を得て、世界最強になりました〜【特典付き】",
    "author": "進行諸島（GAノベル／SBクリエイティブ刊）",
    "genre": "少年漫画",
    "rating": 4.0,
    "rating_count": 1344,
    "episode_count": 3,
    "thumbnail": "https://img.papy.co.jp/lc/sc/item/cover/9-2813755-c400.jpg?05070818",
    "url": "https://renta.papy.co.jp/renta/sc/frm/item/165039"
  },
  {
    "rank": 7,
    "title": "ララの結婚",
    "author": "ためこう",
    "genre": "ボーイズラブ漫画",
    "rating": 4.0,
    "rating_count": 2754,
    "episode_count": 1,
    "thumbnail": "https://img.papy.co.jp/lc/sc/item/cover/9-2813668-c400.jpg?05071032",
    "url": "https://renta.papy.co.jp/renta/sc/frm/item/167113"
  },
  {
    "rank": 8,
    "title": "やんごとなき一族",
    "author": "こやまゆかり",
    "genre": "レディースコミック",
    "rating": 4.0,
    "rating_count": 229,
    "episode_count": 3,
    "thumbnail": "https://img.papy.co.jp/lc/sc/item/cover/9-2811259-c400.jpg",
    "url": "https://renta.papy.co.jp/renta/sc/frm/item/143465"
  },
  {
    "rank": 9,
    "title": "醜いオークの逆襲 同人エロゲの鬼畜皇太子に転生した喪男の受難（コミック）",
    "author": "明瀬こけし",
    "genre": "青年漫画",
    "rating": 4.0,
    "rating_count": 7,
    "episode_count": null,
    "thumbnail": "https://img.papy.co.jp/lc/sc/item/cover/9-2814675-c400.jpg?05080954",
    "url": "https://renta.papy.co.jp/renta/sc/frm/item/395459"
  },
  {
    "rank": 10,
    "title": "主人恋日記【マイクロ】",
    "author": "吉永ゆう",
    "genre": "少女漫画",
    "rating": 5.0,
    "rating_count": 105,
    "episode_count": null,
    "thumbnail": "https://img.papy.co.jp/lc/sc/item/cover/9-2783220-c400.jpg?05050025",
    "url": "https://renta.papy.co.jp/renta/sc/frm/item/283739"
  },
  {
    "rank": 11,
    "title": "二十と成獣",
    "author": "空神セイ",
    "genre": "少女漫画",
    "rating": 4.0,
    "rating_count": 72,
    "episode_count": 1,
    "thumbnail": "https://img.papy.co.jp/lc/sc/item/cover/9-2812456-c400.jpg",
    "url": "https://renta.papy.co.jp/renta/sc/frm/item/323429"
  },
  {
    "rank": 12,
    "title": "魔導具師ダリヤはうつむかない 〜Dahliya Wilts No More〜",
    "author": "住川惠",
    "genre": "少年漫画",
    "rating": 5.0,
    "rating_count": 570,
    "episode_count": 1,
    "thumbnail": "https://img.papy.co.jp/lc/sc/item/cover/9-2809949-c400.jpg",
    "url": "https://renta.papy.co.jp/renta/sc/frm/item/196574"
  },
  {
    "rank": 13,
    "title": "花とくちづけ",
    "author": "七都サマコ",
    "genre": "少女漫画",
    "rating": 4.0,
    "rating_count": 83,
    "episode_count": 3,
    "thumbnail": "https://img.papy.co.jp/lc/sc/item/cover/9-2811262-c400.jpg",
    "url": "https://renta.papy.co.jp/renta/sc/frm/item/227762"
  },
  {
    "rank": 14,
    "title": "策士な上司は溺愛欲を隠さない。〜囲って、乱して、とろあまエッチ〜",
    "author": "みやのちょび",
    "genre": "ティーンズラブコミック",
    "rating": 4.0,
    "rating_count": 34,
    "episode_count": 2,
    "thumbnail": "https://img.papy.co.jp/lc/sc/item/cover/9-2763353-c400.jpg",
    "url": "https://renta.papy.co.jp/renta/sc/frm/item/385276"
  },
  {
    "rank": 15,
    "title": "高瀬くんのヘソの下",
    "author": "山田也",
    "genre": "女性漫画",
    "rating": 4.0,
    "rating_count": 52,
    "episode_count": 1,
    "thumbnail": "https://img.papy.co.jp/lc/sc/item/cover/9-2809540-c400.jpg",
    "url": "https://renta.papy.co.jp/renta/sc/frm/item/382071"
  },
  {
    "rank": 16,
    "title": "「君を愛することはない」と言った氷の魔術師様の片思い相手が、変装した私だった（コミック）",
    "author": "葉月秋水",
    "genre": "少女漫画",
    "rating": 4.0,
    "rating_count": 22,
    "episode_count": null,
    "thumbnail": "https://img.papy.co.jp/lc/sc/item/cover/9-2813749-c400.jpg?05070818",
    "url": "https://renta.papy.co.jp/renta/sc/frm/item/390762"
  },
  {
    "rank": 17,
    "title": "ダンス・ダンス・ダンスール",
    "author": "ジョージ朝倉",
    "genre": "青年漫画",
    "rating": 5.0,
    "rating_count": 500,
    "episode_count": 12,
    "thumbnail": "https://img.papy.co.jp/lc/sc/item/cover/9-2810514-c400.jpg?05050025",
    "url": "https://renta.papy.co.jp/renta/sc/frm/item/106131"
  },
  {
    "rank": 18,
    "title": "実は性欲スゴイんです…元ヤン上司が好きで、欲しくて、食べたい。",
    "author": "系",
    "genre": "ティーンズラブコミック",
    "rating": 4.0,
    "rating_count": 72,
    "episode_count": 6,
    "thumbnail": "https://img.papy.co.jp/lc/sc/item/cover/9-2799967-c400.jpg",
    "url": "https://renta.papy.co.jp/renta/sc/frm/item/282794"
  },
  {
    "rank": 19,
    "title": "王と后【マイクロ】",
    "author": "芒其之一",
    "genre": "少女漫画",
    "rating": 4.0,
    "rating_count": 20,
    "episode_count": null,
    "thumbnail": "https://img.papy.co.jp/lc/sc/item/cover/9-2782308-c400.jpg?05050025",
    "url": "https://renta.papy.co.jp/renta/sc/frm/item/371286"
  },
  {
    "rank": 20,
    "title": "最底辺のおっさん冒険者。ギルドを追放されるところで今までの努力が報われ、急に最強スキル《無条件勝利》を得る（コミック）",
    "author": "和咲福朗",
    "genre": "青年漫画",
    "rating": 3.0,
    "rating_count": 11,
    "episode_count": null,
    "thumbnail": "https://img.papy.co.jp/lc/sc/item/cover/9-2814687-c400.jpg?05080954",
    "url": "https://renta.papy.co.jp/renta/sc/frm/item/382751"
  }
]